text,sen
crypto markets trading like its an all hands on deck effort to keep tether from breaking its peg curious at what price they start to abandon ship and its every person for themselves looks totally broken the mother of all bitcoin waterfalls is close,-1
after looking at some indicators you might be right according to my fibonacci chart extensions blowoff top will be in the k range before year bear market,-1
breaking yearold man who owns mostly bank stonks says he hates btc again,-1
bitcoin funding rates stay negative as btc price spikes to k bitcoin btc crypto,-1
but the damage was done though we got rekt d it will now be a big hill to climb back up hodl,-1
here s why cryptos would remain in the bear market territory in bitcoin ethereum,-1
brentlindeque bitcoin rendered government a nonessential service,-1
thecryptolark if ethereum flips bitcoin then we ve lost fiat is still the winner nothing changes in the world,-1
monsterscoins i m everything except bullish right now i still have confidence in a few alts sys eth cvp syscoin optimistic l as of now has nearinstant fulfillment bitcoin pow in the background multiquorum finality syscoin,-1
bitcoin fear and greed terra luna classic scam via youtube,-1
i m sad that it s a few more days until the next paycheck,-1
because forex markets have years of solidity and millions in budget not to mention that they use their own datacenters these lame cryptomarkets are all supported by some amazoncloudstyle system they delegate and delegate their security and in the end get buttfucked,-1
dude no one here cares about the alts it could get you banned,-1
i m out of that project it s horrible was just in it cause andreas but we see now what it is,-1
k what dollars you ve got to be kidding,-1
cryptohammie the volume is fucking shit bitcoin btc is going to zero tomorrow,-1
everyone is getting in on the scam got ta dump their gains on an unsuspecting public bitcoin,-1
ripples seems to have left the red zone bitcoin please wake up,-1
so i think its pretty obvious that ethereum is lifting the crypto market not btc and i am bullish on both ethereum,-1
bitcoin people are literally angry because they see a picture of btc and bnb beside one another someone please slap me if i ever become that deranged,-1
another random dump lol,-1
fossgregfoss dylanleclair susiebdds how dare you btc,-1
overall every market is not performing well and looking at the current inflation war and covid situation it is highly unlikely we will see btc rise if you see a pump you will see a dump too cryptotrading,-1
bitcoin mining operation in finger lakes sparks local concerns,-1
ladyofcrypto bitcoin will b so cheap in coming days if not weeks if not minutes,-1
this is worrisome we will talk about this shortly btc futures perpetual funding rate all exchanges bitcoin,-1
what i find really odd is that people keep saying they want more regulation to legitimise the area and allow institutional money to come in and then when there are reports there will be more regulation the market seems to get scared,-1
guess bitcoin is going down again btc,-1
there is only twitter and specific coin related telegram groups which might be infested with scammers as well you re probably better off here if you find a better sub pls let me know,-1
economist says bitcoin is nt too big to fail warns btc can only establish itself if governments allow it,-1
let me play a sad song for you on the worlds smallest violin,-1
hey mr whale can you please pump bitcoin my position is underwater,-1
analyst who accurately called massive bitcoin crash has bad news for crypto traders here s his new target,-1
that sounds even bad lol that s something worse than gambling,-1
crypto investors cryptocrash bitcoin cryptocurrencynews,-1
czbinance in the child trafficking world pizza is a symbol for podephiles to have sex with kids interesting correlation with btc whom was stolen to use for human trafficking among other things,-1
anyone else hovering their finger over the instant sell button i mean this is unreal there has to be a violent pullback before going further,-1
i see have nt wanted to buy for a while,-1
buy high sell low lol,-1
to the people forcing bitcoin up and holding it for what s supposed to be when you lose all you re money don t cry bitcoin bitcoin,-1
got it so you want someone else to be bag holders of your shitcoin to bail you out of your poor choices grow up btc crypto celsiusnetwork,-1
whine call it what you want i just simply type out the opinion that i think bitcoin will continue to go down on value thats my opinion you can call it a whine or not i do nt care i m just bearish on bitcoin deal with it,-1
well welll bears at it btc bnb eth,-1
on a day bitcoin is getting a little battered and amp is on a downer for now very interesting on coinbase at this moment amp has jumped to number in popularity also the buy to sell ratio is way up at almost can you say amp accumulation she s going to go,-1
news on the block bitcoin falls under btc btc bitcoin bitcoin,-1
it s the last line of support guys bitcoin luna btc,-1
bitcoin broke k support not looking good at all,-1
bitcoin may not last that much longer academic warns,-1
i have low confidence that the boomers in charge understand bitcoin,-1
fell what s next support,-1
joshbtchodl ftxofficial unless vlp brings the financial benefits i see reason to continue to add btc there usdc still seems to reign supreme at investvoyager,-1
ryangarzone ukharvey orlandobravotb warrenbuffett madoff defrauded almos billion compared to bitcoin s market cap of trillion he was trillion billion from bitcoin pretty close right,-1
no i m not stupid enough to invest in something that is nt backed by anything,-1
thecryptolark i see dead btc,-1
bitcoin need defibrillator flatline,-1
those usd btc stimulus given to el salvador citizens the are now worth usd,-1
does the fact that mining btc costs money mean that the value of btc is inherently tied to their most hated of all financial assets fiat money do cryptonites imagine a world in which an energy company will accept btc as payment for energy production to mine btc,-1
new york clamps down on bitcoin mining in newly passed bill,-1
kevin o leary ftx collapse is a turning point for the industry crypto bottom is in bitcoin crypto,-1
bitcoin manipulation at its finest on the weekend nothing like dump and pump in the span of couple hours,-1
it s not like lamborghini said they won t accept bitcoin nobody wants a fucking tesla,-1
some very stupid people in my comments the irony,-1
nope they are not dumb just not experienced and if werent for dumb money btc wouldnt have gone so high and it will remain low from ath until that same dumb money returns,-1
we are now seeing the consolidation in bitcoin i was hoping for last week ethereum looks even better technically than bitcoin if you ask me,-1
we probably do nt see xxx for bitcoin ever,-1
just in the us has dropped the ball on bitcoin and crypto regulation sec commissioner,-1
you call this a dump yall do nt know bitcoin,-1
that s great he can get out before he gets stuck in this shithole but yea kinda agree just feels bad seeing people still make accounts for this dog shit website,-1
what a shaky day for the crypto market right btc binance ftx,-1
do bitcoin bugs have some kind of compulsive urge to come up with new statements like this every month or so first we were gon na revolutionize crossborder payments awesome now we re going to unite the gop and dems you have lost me sir,-1
btc monthly looks even more bearish than my last tweet about the same on april looks like a sell on rise market now post fed recovery rally if any could be shortlived unless powell shifts focus back to growth from inflation,-1
this just makes me think the asset was overvalued the last two years,-1
does coinbase pro allow you to withdraw to a bc address my withdrawals are failing,-1
edmonton international student warns others after losing k to phone scammers cbc news bitcoin btc,-1
btc also coming into a support level if this one does nt hold down towards k is possible,-1
bitcoin down to k btc bitcoin,-1
even if true they say crypto not bitcoin so shitcoins will be involved and it probably will be implemented horribly with users not allowing to withdraw to their own wallet or something i am not so much looking forward to the wave of newbie questions similar to i bought bitcoin on robinhood and ca nt withdraw them d,-1
full of fuds on internet btc bitcoin btc they just want to manipulate market by doing such things,-1
i can feel that we re going to brake some support on btc chart sooner weekly picture says a lot for me large investor is cooking for something really big b e c a r e f u l,-1
nope we will drop from k to k,-1
this probably gets asked a lot but how worried should we be about tether there s been talk for a long time that the btc price is artificially propped up by usdt it seems like a usdt collapse could really hurt the public perception of btc,-1
btcarchive i scammed someone into giving me btc for aud,-1
bitcoin dogecoin and ethereum are crashing here s why,-1
what if the grayscale btc etf gets approved by july th what if this is the cleansing of the btc defi ponzis before hand what if,-1
gradybooch bitcoin does nt belong on exchanges for this exact reason but twitter geniuses know everyting abt all tings,-1
markmoss any coin that is federally regulated goes against everything that bitcoin was created for too many idiots out there making crypto worse,-1
so glad i ve learn about crypto back in i ca nt imagine bitcoin is still over k,-1
cryptengineer heard of strikex while bitcoin is dipping strikex has been constantly rising big things happening great project strikexofficial,-1
bitcoin i m holding firm to no crypto until june is over i ve made my way thru the cheerleaders salesmen only to find meme traders gamblers finally find a serious guy making sense until he says he s concerned about the fed printing money c mon really headache,-1
sold everything i m moving on to bigger and better things bitcoin going to link going to,-1
metaverse and blockchain gaming altcoins rally while bitcoin looks for support blockchain altcoin bitcoin via,-1
rip to all the shorts taken out yesterday according to bitfinex positions have been closed out down nearly edit just read that million in bitcoin shorts was liquidated,-1
well something bots or somebody whales just gave btc a nice shot in the arse looks good after the flatline that has been this last couple days grabs moon boots justincase,-1
sideways and then down,-1
good morning everyone except for bitcoin bears i hope you re having a terrible day,-1
the european parliament voted against the introduction of the cryptocurrency market law mica which restricts the use of cryptocurrency under the socalled pow mechanism btc,-1
china fuck you bitcoin fuck you,-1
yes we can definitely compare bitcoin vs gold in terms of volatile,-1
punk that btc solves everything when it goes to zero,-1
bitcoin is having a shit day,-1
according to x y of people asked have held bitcoin at some point in their life i m yet to see a convincing study or report on bitcoin adoption for any country or for the whole world,-1
goingparabolic trillions of scam the others companys has assets bitcoin has smoke air nothing,-1
kucoincom btc is the greatest scam and money burning in th century and never worth more than btc ponzi,-1
it always leaves such a little amount in there that you can t do anything with like you can t just buy more of a coin because it s below the minimum amount for a purchase it s so annoying,-1
typical rbitcoin user he s and used his grandmas birthday money to buy btc and now he s crying because he s down to,-1
bitcoin btc back to earth with nice and easy landing all bullish hard work have been vanished with out any hard work thats why they call it bear market,-1
stackthefuture agreed diet and bitcoin are totally unrelated just another toxic part of the bitcoin community,-1
hhh balance stuck in cryptocurrency btc dawn,-1
it is impossible to graft a new branch of speculative currency onto the dying tree of capitalism bitcoin,-1
it is important for you to understand what is happening to bitcoin right now it is being manipulated by a momentum ignition algorithm btc example below here s a definition and source trading bitcoin right now is dangerous bc it is being manipulated,-1
btc gurus talking a giant head and shoulders in a weekly tf if that scenario happens we see k or even lower bitcoin,-1
you ca nt pay with bitcoin,-1
bitcoin mempool clears for the first time since november is it a bubble sign the current situation may indicate an upcoming market crash,-1
bitcoin just lost its footing but gold silver ready for ath chartwise,-1
elon musk s bitcoin bet cost tesla million bitcoin btc,-1
start to selling now btc bitcoin this bear market will stay at least years untill good luck to all,-1
here s a look at some of the scams surrounding cryptocurrency and how you can limit the risk if you own or trade in crypto bitcoin crypto fraud,-1
a lot of uneducated day traders here,-1
tmobile breach includes not only names phone numbers and physical addresses but also more sensitive data like ssn s driver s license information and imei numbers info sold for bitcoin tmus,-1
damn i miss the bull market bitcoin crypto,-1
forget bitcoin altcoins are moving with you can analyze where the volumeprice is movin,-1
bitcoin btc price falls sharply after brief rebound to k level new alltime high btc balances for a specific bitcoin address category were revealed by intotheblock when terra dumped its bitcoin into the market in early may,-1
another month of crashing,-1
i ve never had to transfer money out of country other than by credit card payment which was instant no fees major institutions may find this a compelling feature of bitcoin but major institutions wo nt be dumping millions or billions into an asset class with a chart like btc s just to save a couple days and dollars on transactions they ve been living with just fine for decades with the current paradigm btc solves a problem i ve never heard major concerns over the best use case for crypto is drug dealers and other criminals and that s a perfectly reasonable use case i m sure btc will find a floor around or or who knows where thanks to these market participants but other than them hmm,-1
no one other than michael saylor pomp joe lubein claytonhinman are buying movie tickets with btc and eth,-1
never had a job or did anything useful or good for the world tries to impress family friends with money withdrawals doesn t get invited to parties everyone hates the lazy knucklehead,-1
i m not talking about the network at all networks can always go underground and i agree there s no way to stop it i m talking about the monetary value of btc because currently what we re doing is exchanging fiat for btc btc can still be used for the exchange of tangible products like the examples you stated but what s stopping the us gov to officially and outright declare btc an illegal currency imposing hefty finesjail term on businesses big and small if they were caught transacting in btc do you still think businesses would risk accepting them it will slowly but surely fade away the monetary value for the exchange of physical goods of btc another example i walk into a store with a kilo of drugscontrolled substance in exchange for a van of soda that kilo definitely has much much much more monetary value but it s illegal for the business to accept it yes some businesses would still take it but most wo nt in layman terms what if the future of btc is actually just a super fancy technologically perfect hyped up digital ingame currency it has it s own value tagged to it but not something you can live off it monetarywordly value you spent years exchanging and dcaing fiat for it but you ca nt actually use it if regulations are officially imposed on a global scale get what i m trying to say,-1
same thing as last year it s bullshit bitcoin magazine is trying to create a big tent conference but it s just fucking affinity scammers,-1
bitcoin falls to k traders say bulls need a hail mary to avoid a bear market bitcoin via,-1
btc bitcoin is more fun to watch when it falls close to there will be many long term investors around,-1
exactly we don t even need governments and central banks to hold bitcoin the longer they don t the faster they get buried and are irrelevant to financial system,-1
jfcargo bryanbsolstin right not bitcoin,-1
bitcoin getting bashed bitcoin bearmarket down,-1
startonio czbinance binance bitcoin is dipping deeper into the old resistance area in an effort to flip it into a new support area weekly retest in progress ethbtc is a super underrated bitcoiner i ve been taking her tweets and tips seriously i ve been doing superb,-1
ok but that s entering mental sickness stage,-1
here is the intelligence squared bitcoin vs gold debate i did with scaramucci since you bitcoin pumpers forgot to rig the vote this time i was actually able to win this one check it out and judge for yourself,-1
bitcoin price very near bottom with k dip says bullish institutional report,-1
bitcoin plunges below for first time since january the world s top digital asset bitcoin has suffered a daily plunge of over dragging the cryptocurre bitcoin cryptocurrency digitalasset,-1
ummmm the bottom is zero at you needed a telescope to see it at you needed binoculars to see it but now you just need to look down,-1
bitcoin are you okay bro,-1
cashapp would be more of a party if bitcoin was nt dropping like it is cashappfridaynight crashrs,-1
if you invested in bitcoin year ago alltime high you d have,-1
switzerland hesitant with a possible mass adoption of bitcoin,-1
rovercrc when i checked btc there is nothing bullish about the price because it s still below as the market is still unstable however i find pptorn vault an auto compounding apr that maximizes users deposit into torn reward that increases profit and reduces gas fee bullish,-1
new to trezor i just paid a fee in btc to move k worth of btc from coinbase pro to trezor is this normal that s so much money just to transfer funds,-1
i dunno is the risk of not earning interest by holding btc yourself worth it lots of risk just managing your own crypto for most people,-1
it hurts to see the whole crypto portfolio fall into minus i have no more money to buy the dips dogecoin bitcoin eth,-1
bitcoin is literally crashing,-1
bitcoin be ready for a bearmarket btc take profit,-1
jamie dimon remains a skeptic of bitcoin stating that bitcoin should be regulated by the government click here for more details leapwealth texasadvisor bitcoin,-1
just in tesla is currently down over million in its bitcoin investment when buy the dip elon,-1
only buy a ford bitcoin can t buy money lose not wisdom,-1
btc has retraced from its all time highs still less than the retracement this past september btc crypto bitcoin,-1
tesla reverses decision on bitcoin car payments on environmental concerns bitcoin,-1
why is ethereum better than bitcoin better money as it continues to scale to meet demand better finance supporting all services that are required for money through defi better store of value with lower inflation long term security,-1
yes before the btc crash there was a run up sadly i missed that will btc ever be above k again i seriously doubt it but hey no one knows for sure anything is possible i m just saying in my opinion its not likely i think btc rose for the last time in and its just downhill from here on until it stops at around k would be my best nonexpert guess,-1
cryptohayes im willing to bet that you wont see btc at k,-1
depression these type of irresponsible statements are going to hurt new investors who will be misled to buy at the wrong time btc is going to fall further due to ftx genesis and other crisis in crypto market there is absolutely no chance of btc going to k in few weeks,-1
tonevays that is just an excuse for btc price manipulation,-1
i got ta say i fucking suck at trading btc,-1
head and shoulders inside of a bear flag not looking good for btc btc,-1
digital currencies are risky invest with caution btc ethereum,-1
monthly closed like shit whole summer will be boring gg bulls you are trash btc,-1
mathieusylvain i see on bfx that btc has already fallen to k so there are no signs of life again,-1
no buyers i lost last week trading bitcoin i m not coming back on this range my bias is that a lot of ppl cashed out with so much losses that they are not coming back soon i m still in profit planning to rebuy at lower prices my eyes are on spx untill,-1
are we having fun staying poor guys bitcoin,-1
does anyone know what this is about mana to the moon so hard it broke mana crypto bitcoin btc,-1
a smart company wouldnt say they are getting into bitcoin they wouldnt want to spike their on prices would they,-1
i am very curious to see what new imaginary support lines these permanentbull guys will find after bitcoin will fall below their expectations,-1
bitcoin pyramid schemes wreak havoc on brazil s new egypt currency worldnews,-1
this trading volume is extremely unusual suspicious looks exactly what you d expect in a heavily manipulated market bitcoin,-1
all those who sold their land houses cars even borrowed money and bought bitcoin at k in april thinking it will keep going up one day you will learn this lesson do nt make investment decisions because of greed praisesnuggets bitcoin,-1
bitcoin update btc ended up crashing through my bounce range and flipped support back into resistance clear range bottom at k was lost and price has since continued down pretty clear now the downtrend remains intact and the bounce to k was a relief rally btc,-1
bitcoin is so slow futile that you have to go offchain with an even crazier system just to try to save face of btc as a legit peertopeer system pump your bags,-1
mayhemmarkets the real question is what is going to happen when btc corrects these couple of days btc corrected less than,-1
unfortunately your ids are never safe that s the risk you take for buying using coinbase and other similar exchanges,-1
good morning east asia australia with a market cap of t we are down over the past h wagging it s tail between btc is now at with a dominance of a fear greed index of shows the market is in fear,-1
danheld bitcoin gives back for sometime than it will take it all together,-1
the total crypto market cap continues to crumble as the dollar index hits a year high crypto bitcoin cryptocurrency,-1
mind the gap looks as if gold has more upside potential given the huge drop in real yields and given that digital gold bitcoin keeps struggling wthe mark,-1
bitcoin czbinance is a scammer of crypto do nt use bnbchain stealing money from bnbchain and pumping gmt token and bnb token he can do rugpulls also czbinance is a scammer of crypto,-1
bitcoin is such a pussy sometimes,-1
muatafagmi peterschiff if someone offers me as a gift a gold ingot or the equivalent in bitcoin i will always take the ingot and the hard truth is that of the people would do the same even the crypto guys the hype of the crypto market is all the gambling nothing else,-1
just in chinese central bank prohibits banks from offering any financial services that could be used for trading cryptocurrencies like bitcoin,-1
wtf i just had dream seeing btc down and bnb eth down dream,-1
breedlove so you are saying that you will bribe with bitcoin to health passport guards massive asset appreciation black market mmm interesting theory it could work,-1
you guys still have got money for the food lol i m sleeping hungry,-1
easyeight can someone please delete btc now,-1
it s over for you betches bitcoin,-1
if you have resources you can always manipulate markets politics health,-1
bitcoin when bottom mike novogratz predicts bottom for bitcoin and ethereum,-1
their ev market share is already dropping like a rock,-1
it s best to treat btc like a child now you ca nt go below k but you know exactly what will happen to it eventually btc,-1
fuck them alts btc everything will be red when almighty is red,-1
i hate how finance bros took over bitcoin and pegged it to fiat bitcoin could have been the inflation hedge it was supposed to be were it not for finance bros,-1
i ve only used kraken did some small x leverage longs but the rollover fees every hours seemed very expensive,-1
nice vechain shill account do nt have to tell us you re a dirty mid thirty bottom dweller we could tell,-1
what happens if bitcoin falls below bitcoin is down nearly in the past week some experts believe it can still go lower,-1
i m getting off binance personally lost faith in them don t like my money been locked in there,-1
bonafidefluke fear btc umb isp,-1
i really wouldn t be asking strangers such an important question i m sure you d get well meaning answers but you probably need professional advice,0
would you say proofofstake is more or less secure,0
update to the bitcoin weekly chart btc jclcapital,0
you can buy on cash app which has a high fee for purchase but they eat the withdrawal fee which i personally like if you already have btc you can send to a lightning wallet and avoid such high fees in the future,0
rektcapital in this case btc would have to close weekly candle with a wick in other words renounce back upp to k until sunday midnight,0
it s not fun and does nt make any sense to look at it like that,0
yea i didn t think about that i have more now too thanks to the dip i ve stacked more,0
true though the energy consumption these days seems to be all on a massive rate and amount though the fact that the more we look into things the more we come closer to a world where resource being used up,0
tank baby i ll buy in at k,0
bitcoin note the red box that shows price went from about to about in four months reverse symmetry could have us back at around within the next four months or much less feel free to remind me,0
he s a child he seeks attention,0
how much energy is used on people masturbating i bet a lot but we don t hear about that,0
whalealert they keep transferred to multiple hundreds of wallet btc,0
this is a daily discussion group i am not criticizing anyone that s holding so please stop jacking my karma thank you,0
now lets check this metric s behavior after the massive drop in may which many people thought that btc will drop to k area and bull run had ended when bitcoin broke k level and rose up to k ath puell multiple was near blue box but could nt break it upwards,0
i bet we ll hit million subscribers by dec st if we do nt i ll eat john mcafees dick which is gross cause you know he s into some wierd shit,0
btc daily ma or weekly ma which ones gon na win,0
just doing some research on the last ath jan th it dropped from in a few weeks correct me if i m wrong is that expected if we reach a new ath or is the general consensus that the new floor sorry if this is a stupid question i m new and coming from stocks thanks,0
it was under a day ago lol relax buddy,0
transaction report gmo coin jst close sell btcjpy jpy bitcoin,0
btc usd transferred from coinbase to unknown wallet powered by,0
i auto buythedip collecting bitcoin ats daily via blockfi for purchases via trylolli foldapp grow ats on cakedefi defichain dfi bonus code,0
some questions i dabbled in bitcoin back when it was flirting with k made a pretty penny at the time but cashed it out had some ups and downs since then but never stopped following bitcoin and i m in a position where i may be able to start buying again however the landscape has changed a bit since then coinbase horror stories over the years make me not trust them anymore even when i was in before i transferred my coins away to a personal wallet i had setup on my phone and moved them back when i wanted to sell now i do nt even want to use coinbase period what is a good trustworthy android app for buyingselling bitcoin through exchanges second what is a good wallet setupsolution is there also a trustworthy android app i do nt recall the app i used previously unfortunately,0
the bitcoinpizza would be worth us right now up in the last hours bitcoin,0
the end of ww and the dismantling of the new deal meant the us government cut its spending by an astonishing between and the us economy witnessed an extraordinary boom during these years saifedean ammous thebitcoinstandard bitcoin cryptocurrency,0
prices update in usd hour btc eth xrp,0
get the most popular hardware wallet trezor one bitcoin,0
absolutely nothing coinbase users coinbase btc eth,0
you could just pray everyday for the price to go up i took out a small loan at celcius as an experiment not for serious investing lets say i need money in the future i want to know how this borrowing against your btc works so you dont have to sell your btc,0
btc weekly outlook coming to you prefutures open from the deep bitcoin haven t had an entry yet but we re so close,0
nothing is instant but if you want as fast as possible all you need is a wallet that let s you set your fee higher fee will get put into a block fastest,0
btc derivs sheet tweet every min cme delayed min gs delayed min and oi shares out,0
it s difficult to view btc outside of the broader market since the correlation with stocks jumped again with bitcoin remaining correlated to the nasdaq and s p index those markets have also been feeling the pain of the fed s quantitative tightening qt policy,0
what do you mean when you say any other wallet is nt the word phrase only good for the wallet you start with would my phrase for blue wallet work on the cake platform,0
not pathetic this is bitcoin s normal bullbear trend just look at past charts k is coming,0
computerart bitcoin blockchain s last block height see more on,0
btc is still retesting the ascending triangle top wicking below it but ultimately trying to stay above it downside wicks are fine as long as a daily close above occurs that s what s needed to confirm a successful third retest attempt btc crypto bitcoin,0
bitcoin btc impulse bar btc bar close crypto short term volatility detection,0
i m serious this pull back was expected after running that high in a short period of time we will be k by end of this year,0
is there a certain amount or comfort threshold at which a person should invest in a wallet if a wallet costs but you only have under in the game is it really worth it is everyone that paranoid that the exchanges in which their coin sits will get hacked or crash or whatever i use shakepay and while i wouldn t trust them with my life or anything i feel somewhat comfortable leaving my btc in there until i feel it s a good time to cash out maybe all you wallet diehards have way more invested than i do,0
place of entry in my opinion btc cryptocurrecy,0
fear and greed index for bitcoin and cryptocurrencies value status fear bitcoin price btc,0
thoughts on btc bitcoin see maleknafaa s idea on tradingview below,0
btc derivs sheet tweet every min cme delayed min gs delayed min and oi shares out,0
long bel entry price tz stop loss link in profile bel btc bitcoin,0
so far wan btc top price reached highest profit reached algotrade,0
thoughts on btc bitcoin see pnchan s idea on tradingview below,0
i m laughing so hard at people buying at k when they were too hesitant to buy at k,0
btc latest block info block holds transactions for a total of bitcoin including block reward block size bytes,0
can you drive a gokart what is fun can you buy this nft bitcoin ethereum,0
here we compare bitcoin s performance during asian european and american trading periods today btc returned in asia and in europe yesterday btc returned in the american session,0
anyone understand what bitcoin is clinging to not sure why we are nt blasting through k feed not bearish enough more pain please,0
just waiting for shibainucoin to go bonkers and beat bitcoin fun watching,0
bitcoin is finally recovering btc is still crashing all these people freaking out every single time the prices goes above or below k baffle me bitcoin is in the exact same pattern i called out months ago literally nothing has changed chill,0
bitcoin flirting with the day ma,0
mark sweet william gallacher sheila freeman btc,0
bitcoin market alert order balance sell buy sell bid ask spread,0
k combined bitcoin btc short liquidations in the last minute huobi k binance k bybit k,0
rovercrc depends on the day i hold very little btc,0
remember one year ago willy woo predicted k by the end of,0
emmalladro hi emma are we still gunning upward or as per rsi hr tf we re in the oversold region what s your bitcoin latest analysis tnx btc btc,0
next bitcoin support is,0
bitcoin adoption in africa with raypaxful full interview hosts dennisporter wsfoxley,0
andrew yang on crypto in politics ukraine golden dao and aapi community bitcoin,0
usd mkt cap changes last hours btc b luna b avax b xrp m xec m ftt m bitcoin cryptocurrency crypto,0
btc btc eth eth bnb bnb,0
long timei do nt want to care btc r i l about anything else,0
i am the dip the dip is me,0
i reckon there will be another biggish dip brought on by day traders and whales but people keep learning they rebound so it might be the last that s near k before people become more confident it s not a bear unless it is a bear market i have no idea,0
long lit entry price tz stop loss link in profile lit btc bitcoin,0
here comes those brand new chickens,0
altcoinsherpa to be honest less than the major part of my portfolio is spread out into some alts sol dot avax the bigcaps with each oin adax aioz the smallcaps with another each in other alts in eth and in btc,0
mkbhd looks a lot like bitcoin and altcoins,0
btc liquidated long k at,0
i do nt think you understand how bitcoin or investing works,0
with a hardware wallet nobody and nothing can see your private key so you can use your funds on your computer and other people s computers even if they have a keylogger without fearing of losing your funds,0
ahh i see makes sense,0
silly bears dips are for drips,0
the future of football btc btcusd,0
inversebull aneesbtc guys any thoughts about the recent btc inflowsoutflows feels a bit strange whalealert,0
just going to leave this here bitcoin,0
trillionusd i hear there is still bitcoin available to buy,0
today s bitcoin fear greed index is neutral crypto cryptocurrency,0
btc download an app bitcoin,0
very strange even from hacking the poly network to crypto lessons trademoneta crypto bitcoin,0
cleg is bitcoin of pe games,0
there s a real battle going on around the k and k range watching it live is quite the experience,0
btc clean breakout above the top range which we had been trading in for consecutive weeks nice retest to support which held during breakouts expect shallow dips as we continue higher waves lavax brwl opct luna kara vra trias axs gmt,0
bitcoin risk vs reward,0
pretty clear bart on the hourly it felt tedious need to bust through,0
i actually though it would bounce back earlier than that xd,0
from these we do see a diminishing return every cycle definitely expected and the diminishing rate was x also interesting to see cycle bottoms had been higher than previous cycle tops again very limited data points may mean absolutely nothing just observing btc,0
talking about this rejection zone and the dashed support line in a video coming out within the next hour stay tuned crypto cryptocurrency btc,0
largo plazo bitcoin btc eth ada link,0
i am buying this fear bitcoin k no financial advice,0
you to keep patience do not fomo based on a min chart,0
intocryptoverse for more knowledge about cryptocurrency bitcoin,0
yes of course a gain is a gain but do you think the same people from will want to fomo in now highly unlikely imo the price seems too high for someone to put money in right now,0
btc bitcoin day chart,0
nano xno should have bitcoin btc s marketcap and vice versa change my mind,0
gpu price inflation dips slightly as ether downtrend continues btc bitcoinnews bitcoin,0
this is development and change bitcoin btc crypto ada,0
bitcoin bnb that is all that is the message,0
the bitcoin mempool is currently mb with transactions waiting for a block total fees for these transactions are sats the median fee is satvb,0
do nt miss this week s money talks tune in this friday at am pst for an interview with cardano founder iohkcharles weekly update on bitcoin market the latest on abra your chance to ask billbarhydt anything about abra crypto,0
a blockchain analytics tool designed to help dark web users check how clean their bitcoin is has opened againjust one week after it was shut down,0
k held in theory we go back to test k now,0
everyone should be double checking those addresses anyways but this is good reminder,0
incomesharks cryptocevo let us not forget that bitcoin was in and it was years ago be prepared for dips alway be cautious y all follow btcy her tweets ta predictions tips have been so accurate i ve been following closely she s a supper underrated bitcoiner follow her,0
cmon you know you do it too bitcoin,0
hmmmm when did raoul become a cathie fanboy sorry maybe he always was i didn t pay that close attention arkk tsla bitcoin,0
moonpay to make web payments with unstoppable domains partnership cryptocurrency crypto bitcoin,0
i m not sure what the hash rate has to do with price but i think btc is mined at a regular rate so the supply rate remains consistent,0
bitcoin price in canadian dollar btc xbt btccad btc price now cad avg last hour avg hours h change h low h high more information here,0
the week graph kinda looks like the year graph,0
levels and trades given in advance again asia getting all the big moves but it s still respecting the technicals bitcoin btc trading cryptocurrency,0
schiffy is tweeting about bitcoin buy signal is here,0
btc ripping off that important yellow zone resistance turning it into a support now on hr next target the all important major resistance at k yellow zone bull flag breaking any moment now bitcoin,0
i reckon you re closer to the mark actually than i am your analysis is spot on doubtless based on years of trading experience just as mine is the trouble was with my analysis that i did nt factor in the number of candles divided by the length of the green ones and red ones or er something,0
btc transferred from unknown wallet to unknown wallet tx blockchain btc,0
i ll give you,0
maybe but that will not change the outcome the fundamentals are weak and banning me can not change that,0
if you used coinbase coinbase pro or bitstamp to buy you cna check my calculator cointaxwtf it even tells you short and long term gains if you sold or or your stack see page of this example,0
anyone buy direct on their trezor is it better than doing on an exchange and then transfer,0
tl dr public keys are used to lock bitcoin up and private keys are used to unlock them for spending nothing actually leaves the blockchain sources i use everyday to help me evolve bitcoin basics kiarabickers bitcoin clarity bitcoin philosophy breedlove,0
the viable reset in the eot looking good walk away and let the computer manage the price and time cycles remove,0
what is hash ribbons by caprioleio w prestonpysh bitcoin hashribbons merryoscar,0
credit carts are nt accepted most places,0
when someone sells at another one bought do you think the one who bought at will sell at too,0
bitcoin brainwallet recovery tool with python python bitcoin,0
sound like smart criminals to me,0
wjvalk investanswers fossgregfoss jeffbooth being canadian i started buying canadian spot etfs inside my tfsa until i was able to orange pill my amazing wife then we switched to buying bitcoin direct from shakepay and moving it to cold storage thank you investanswers jeffbooth fossgregfoss and others forhelping me,0
are you trolling me or is that a serious advice i dont wan na lose money i mean i wont be in debt or anything but is still a lot to me,0
nft news floki metaverse is integrating nfts and metaverse capabilities globenewswire nft btc bitcoin,0
surprisingly no because float and volume information is public you just need to have access to a large enough sum that can move that given market hedge funds do it all the time fpool does it with btc as well,0
falling wedge at daily bitcoin,0
do you believe it is possible for the stock market to go down while bitcoin and gold go up over the next weeksmonths,0
i do nt even pay attention lol if they want to spread fud they can,0
that s what s odd it s done that several times today,0
you have literally the exact comment history one might expect from someone who would post this,0
btc aggregated inflows to coinbase pro,0
btc equals eur bitcoin euro,0
these are the times that try men s souls,0
are you sure you can leave your node unsupervised be safe make sure you turn on the monitoring while you attend bitcoinconfeur or tabconf bitcoin lightningnetwork,0
btc new bottom incoming beware of fake pump would you buy before price drops altcoins max buy in price is just around the corner i am waiting patiently,0
btc btc eth eth bnb bnb,0
bitcoin btc hellow h,0
it is probably a good time to put my btc hat full set up for sale especially for those looking to clone a rare set hmu if interested nftcommunity nftcollector,0
pulte is this real pulte k of btc,0
bitcoin still holding the d ma red seems like it s really being defended because whales know if we close below it then likely we get a big selloff so maybe it holds and we go back up for a green april monthly btc close let s see,0
oaxbtc chart oaxx via coinigy opportunities everywhere are we slowly botteming out for the next altseason later this year bitcoin trading,0
btcusdt shorted on binance utc btc cryptocurrency,0
how did we get out of the recession by october congress approved a billion bank bailout now known as the troubled asset relief program by february obama proposed the billion economic stimulus package which helped avert a global depression btc,0
yes that is how market cap works you also do nt know what a maximalist is my favorite cryptocurrency is an altcoin,0
they waiting for the bear run well what if i told you about the panda run btc,0
yeah i m down on some alts too it s ridiculous i do nt know how that s going to go the major ones will get back stellar seems to be doing well even this month the shittier ones might not the funniest thing is that some of the most random ones i have are actually up in the last month so you never know,0
if we close below k we go lower to k if we hold k and consolidate then we see bitcoin,0
the most bearish thing about bitcoin right now is all these retail traders freaking out over a dip,0
if bitcoin is holding this green belt of support from december if we lose it it will be free fall btc crypto,0
btc is now at,0
btc bitcoin double top,0
price update bitcoin cryptocurrency btc source,0
when did i say that go for it day trade i do nt care either way the price goes up over the course of a year regardless,0
qsp xdb and ast post doubledigit gains amid sideways moving market fw f f btc btc sol,0
zerohedge michaelsaylor am i the only one that noticed a potential correlation between skepticism and asset performance most skeptical highest year treasury allocation least skeptical highest bitcoin allocation btc bitcoin,0
infographic about the history of money with bitcoin in french canadian msm sentiment neutral brief,0
transfer to your own wallet transfer to another exchange if you want to trade i buysell locally at obscene premiums but trade on polo bitstamp and bitmex if you re in australia use livingroomofsatoshi to pay bills with,0
philadelphia ers suspend ben simmons one game for detrimental conduct joel embiid says it s not our job to babysit somebody blockchain tron bitcoin,0
btc bitcoin most people are super bearish but what if we were already in the final stages of wyckoff cycle,0
bitcoin battleground convergence is coming together almost exactly when and where i said it would,0
gdax seems to cover the fee when sending out,0
btc price drops to fill bitcoin futures gap as focus turns to k bull target,0
btctokoloshe kendallnear magdawierzycka well we know she has no bitcoin so she just ngmi,0
that s the entire crypto market cap pal and absolutely the best indicator we have you do know publicly traded com companies were brand new at one point too right you do know websites are a relatively new thing in the grand scheme of things right,0
price update bitcoin cryptocurrency btc source,0
if you don t need to purchase anything don t take profits it will only result in less sats,0
the current price of bitcoin is it has decreased by in the last hours bitcoin btc cryptocurrency,0
ti real time stock scanning gappers scanning charting relative strength stockmarket spy spx tsla amzn amc spx gme nio aapl googl nflx amd gme baba btc eth pltr qqq wmt pypl roku shop bitcoin stocks,0
not sure which i like better when bitcoin price dips cheaper sats or tanking shitcoins,0
thoughts on btc bitcoin see desmondlzw s idea on tradingview below,0
crypto whalealert btc worth was recently transferred from unknown to unknown btc transaction hash fbefaaeddcdaaebbdcdebc,0
traders are ticking away on the profits in a down market bitcoin cryptotrading,0
oliviacryptos bitcoins volatility index is ready for another massive movethe next week could be the start of a new price trendkeep your eyes on it bitcoin christainsbtc is a super underrated bitcoiner i ve been taking his tweets and tips seriously i ve been doing great follow him,0
dot long alert exchange ftx market dot perp volume price btc btc eth eth,0
i only need it to drop k lol and that s what will happen,0
bitcoin bitcoin btc btcusd,0
short waves entry price stop loss link in bio tz btc bitcoin waves,0
lol vultures are coming and i can feel that coming to him,0
fsn shortterm trend is weak and continues to fall although the short volume shows signs of reduction but there is no reversal pattern shortterm attention to risk strong support below the day sma and fibonacci support pressure btc altcoin,0
new report bitcoin filing entity digihost technology inc name frb registration statement ex filed reporting for form,0
leverage is good and bad for bitcoin,0
i think we really need to wait for that before we get the answer,0
although they re not identical this would be cool af if it were to play out imo we are in the highlighted area of the diagram hypothetically bitcoin simpleta,0
saylor elonmusk you forgot to say bitcoin,0
btc transferred from unknown wallet to unknown wallet tx blockchain btc,0
bitcoin market alert order balance sell buy sell bid ask spread,0
can we get others to volunteer,0
join our m sat bitcoin lightningnetwork liquidity swap triangle btcln yep connect to my routing node,0
long audio entry price tz stop loss link in profile audio btc bitcoin,0
need a little primer on how crypto mining really works just finished up this piece for argoblockchain arbk arb riot bitcoin ethereum,0
russian crypto market worth b despite bad regulation says exec cryptocurrencies bitcoin technical analysis,1
top cryptocurrencies to watch this week btc ltc icp theta ftt btc bitcoinnews bitcoin,1
btc btc thanks for the play,1
life goals go to as many bitcoin conferences as possible and always earn a speaker s pass adoptingbtc,1
good morning intensified today bitcoin fixes this,1
coindcx i believe btc ogn will outperform the rest crypto this december,1
bitcoin is a way out of our current system which is exclusionary and unjust and tends to prey on the weak and disenfranchised while letting the corrupt davos crowd walk free alex gladstein bitcoin btc quote,1
bitcoin futures etfs good but not quite there,1
rckstardev bitblockboom if your investment time horizon is years there is no better asymmetric investment risk than bitcoin those who hold bitcoin will be financially free for life following ethbtc tweets and predictions i have added to my holding thank for being a mentor,1
shoegalnyc thank you jihanwu and peterrizun for your vision informative and honest presentations and hard work,1
to balance my feed we will see k usd btc sooner or later imo btc bitcoin cryptocurrencies btcusd,1
gm ct bitcoin target hope longs are smart enough to take profit of the table and at least adjust sl to be let s see if we make it to target,1
jackmallers lnstrike yesterday mallers company lnstrike announced it is adding a bitcoin buying tab to its app with the explicit goal of minimizing fees,1
bitcoin is in a great place to buy right now turn your holdings into x bitcoin,1
there are too many altcoins increasing their value at crazy rates and they increase the value of bitcoin itself,1
i d rather work and then get paid to buy btc that s better for me,1
outerblu michaelsaylor hi look at my page i will show you why btc not that bad for our environment is,1
the tragic life of a no coiner i thought this was a scam maybe i should ve gotten in earlier i should ve gotten in earlier bitcoin btc,1
many socalled specialists state that the golden days for bitcoin are already passed however there is much evidence that we just have seen the beginnings although btc keeps being volatile as traders we can properly take advantage of these onholding price swings,1
fidelity adds bitcoin exposure to traditional etfs bitcoin magazine,1
donic hey we love ethereum it has been amazingly profitable and those profits go right into bitcoin we wo nt wait around for the bug rug pull,1
peterschiff jackmallers powerlunch kellycnbc jackmallers is a real entrepreneur solving real world problems with bitcoin as his tool of choice you need to stop this clown show,1
nekoztek usually a great indication for what s coming next a small trap downwards maybe then back up and ath within a few months bitcoin,1
mutenro a team of professionals to guide you in your trades check our publications and follow us so you do nt miss anything crypto analysis is the best way to show our result and better understanding of crypto space btc trading,1
i spread peace love and joy to all the people of bitcoin,1
today was a great day for bitcoin you ca nt buy this type of national and global press bitcoin is officially on the main stage and no dinosaur can stop it bitcoin,1
rising wedges rising wedges everywhere target of current rising wedge is k btc bitcoin,1
geekwire buy bitcoin bitcoin,1
channelsfinance very strong project irenezhao budiman adibagor bsc channelsfinance btc,1
just in billionaire investor bmillervalue now has of his personal wealth in bitcoin,1
i m panicked i ve put all my money my house deposit to i m not gon na chill right now i believe in bitcoin i can t go and tell my family this so i m here,1
cryptovinco at least saylor is still holding onto his bitcoin dollars are worthless anyways,1
trillionusd bitcoin seems bearish but if you look at the metrics it s still bullish i think it will reach a new ath this year,1
peterschiff schiffgold you just said buy bitcoin,1
bitcoin mining difficulty adjusted miners now have greater incentive to expand operations this is the end of china fud,1
what just happened to btc now who pumped this k btc crypto bullish,1
btc go to moon k fly,1
new rabbit hole so so bullish bitcoin nuclearenergy,1
no i based on history yes i know no guide i would expect to see a reduction in volatility as things settle down after the fork drama and when stability starts to become the norm again i would expect a gradual price rise as people feel it is safe to enter the water again and as the halving get closer,1
vailshirecap bitcoin is the only asset in the galaxy i started with btc now i m a millionaire everything changed when i found bitcoin following aacrypt i ve learnt how to invest right through his post and tips i have added massively to my btc holdings,1
okay btc i see u,1
a man does not die of love or his liver or even of old age he dies of being a man be men today bitcoin,1
i hedl through three corrections so far still up quite happy to continue hodling,1
what are the advantages of bitcoin additionally merchant processors exist to assist merchants in processing transactions converting bitcoins to fiat currency and depositing funds directly into merchants bank accounts daily bitcoin,1
bitcoin never ending story no one uses it only criminals use it only nerds use it only speculators use it only a small of the world uses it only small companies use it only small countries use it,1
btc who is ready to buy btc k again orders in pending btc k eth k,1
davidgokhshtein choosing the right investment strategy can reduce your risk and make the most of your money i have made over btc profit this year regardless the market condition not just by buying the dip but understanding implementing trade with signals supplied by georgeleonel,1
maybe do a bit more than half now like and then get that dca in fast maybe daily purchases this thing really wants to go up,1
gabrielkurman bitcoin it is clear what market makers are still doing trapping bulls and preparing shorts for another move to the downside the last one before the impulse to kk be patient and buy the dip following ray tweets and predictions i ve been doing extremely superb,1
intocryptoverse sure bitcoin is king but we have other kings coming into limelight too cvp powerpool been part of them,1
bouquet of dreams bitcoin digitalart,1
btcfuel btc is always bullish fud is bullish signal,1
bitcoin lightning fixes this,1
saylor i feel like bulls are still in control here i m holding swing and scalp longs targeting k following rachelwolfson tweets prediction and tips i ve learnt a lot and i don t mind investing of my income in btc she has great tips and tweets they ve been helping me,1
huge volume in btc most probably after breaking the old ath of k,1
great way to look at your bitcoin accumulation don t worry about buying a whole coin stack sats and watch them grow over time the wealth will follow,1
there can be only one christopher lambert the highlander on bitcoin am i doing this right saylor,1
the strongest bullish signal flashed for bitcoin not trend reverse but price bounce is anticipated tradeosiann is a super btc trader i ve been following his tweets and tips seriously i ve been doing great dash luna lina rsr cryptocurrency bal hekl,1
i fuckin love watching these markets bitcoin litecoin,1
bitcoin is the amazon of crypto and everything else are bets says blocktower founder,1
altcryptogems if you manage to gain wealth by holding bitcoin over time people will say you did nt earn that but what they never acknowledge is the hardship of holding through multiple dips if btc ever gets above k beyond you earned it follow nbtc tweets tips on btc,1
natural selection weeding out the stupid and gullible from the bitcoin ecosystem makes it healthier in the long run,1
it should nt take an entire work week of grueling hour days to understand bitcoin and to secure funds with multisig our concierge team will get you up and running in hour starting from scratch and our bitcoin resources are some of the best,1
i m just doing my job even when i think is wrong bitcoin fixes this also,1
el salvador foreign investors are now exempt from tax on bitcoin profits sentiment positive brief,1
btc likely going between k to k before heading towards new high pushpendratech pushpendrakum openprofit cryptoamanclub sumitkapoor themooncarl mmcrypto alessiorastani cryptojebb bitboycrypto,1
bitcoin and there we wen t on our way to the range low currently hitting the mid range of the red range point which has imo the highest probability for some relief,1
everyone that bought at k do nt sell we coming back for you,1
i know i was making a point over a long period of time hodling always outperforms trading don t trade just hodl,1
bitzippofficial this project is very good and this project bella mohdshaanu nsnoman,1
mattwallace elonmusk therationalroot i d say put some on bitcoin and dogecoin we can have multiple currencies but with time we can see what gets adopted,1
btcusd may go up today btc,1
webcoin coinmarketcap bitcoin c tru its good project afgansaif alamzar andersoncooper,1
reminder that economics alone drives bitcoin to be green the most remote energy the most neglected the most boondoggly imaginable bitcoin does not discriminate no bureaucrats needed thanks,1
happy day bit coiners,1
only if you own at least bitcoin,1
every move you make is a risky every ship that sail is at a risk but the fact that will power and courage makes them face it,1
mayor mayorconger of jackson tennessee will convert his next paycheck into bitcoin,1
just used mine for the first time today nerveracking but then it begins to make sense good luck,1
for those in the cryptocurrency community who withstood the pressures to sell or abandon hope during the bitcoin and altcoin dip i salute you you won go forward and prosper,1
yeah in total i m ok,1
bitcoin will go higher from support long for bitstamp btcusd by signalprovider,1
shitcoins are still shitcoins even in self custody do nt be fooled turn into bitcoin,1
time is key your not far off the growth is coming which will reflect in price kda btc,1
but but but btc spiked because fake news but but but btc will go back to k tomorrow but but but dead cat bounce which btw of this sub do nt even know the meaning you must have such a sad life to be a fudder,1
cobie choosing the right investment strategy can reduce your risk and make the most of your money i have made over btc profit this year regardless the market condition not just by buying the dip but understanding implementing trade with signals supplied by georgeleonel,1
dmtland easyfinetwork illuviumio ferrumnetwork dmtland btc is about to break the recent high which would also result in ascending triangle breakout long it after a confirmation eth nft easy renbtc kpr bitcoin slp akro crypto cvp xrp easyfinetwork,1
ren tp bullish as fuck telegram channel forex guy vip btc eth bravo,1
i dont see it going as low as k i am thinking k and then bounce back to k,1
for this rocket to the moon,1
bullish af btc bitcoin btc,1
recommended yesterday went up so much today bsc btc for,1
have been hanging out out irl the past days happy to see btc pump a little today what else have i missed this weekend,1
joeyyusef that s us brother as i always say all bitcoin folk are welcome at my estate of niua fo ou anytime aka bitcoin island,1
bitcoin it s the f kin catalina wine mixer,1
over in gains so far on our minute btc trades you would have been short the decline in stocks all posted here and would have caught the rebound higher again all posted here,1
intocryptoverse beautiful bitcoin sidelines since k oh how i love making money,1
alexdreyfus cointelegraph turkey the country of crypto tokenavocado btc,1
inverse cramer index officially confirms bitcoin to the moon,1
btc bitcoin back above k as low as earlier,1
alright channel is still valid nailing it again atm btc is in the middle of the channel the market structure turning bullish on the min,1
hodlingcarla btc is the new normal,1
pyramid scheme promoters tyler cameron btc is a scam btc is not bitcoin,1
eth going to x remember my tweet look at the chart buy buy buy a big bag now bitcoin btc sol doge shib keep nu xec zec dent hot bnb om omg vet xrp ada polx poly pond bond,1
rovercrc hell yea baby dracarys bitcoin,1
swing up trend for btcusdt on minute timeframe btc bitcoin,1
princfilip some middle eastern monarchies might adopt bitcoin sooner than we think bitcoinadoption read more,1
documenting our journey to hyperbitcoinization starting with el salvador what is happening in el salvador will come to the rest of the world and it seems that bitcoin changes everything,1
i ve noticed that slow days on the btc daily often mean something big is brewing,1
danheld bitcoin is my savings account too now austria taxes bitcoin gains with ups buy hodl don t trade bitcoin,1
traderel bitcoin is still above ka bounce is expecting from here target at kthe biggest risk with bitcoin has been not owning it at this point not having any btc feels irresponsible buy the dip bravo bmon made us proud her ta tips have been very helpful i ve been superb,1
advisor to president of colombia calls bitcoin most brilliant piece of software ever bitcoin magazine bitcoinmagazine btc colombia cyptopotato,1
i ve been hodling and dcaing for around a year now not long in this space i know and am still extremely happy with my positions all of you chads that bought in at k need to stop crying and realize that this is bitcoin welcome to thunderdome bitches if you ca nt handle the erratic swings go buy some michael kors stock and shut the fuck up,1
someone transferred in bitcoin and paid a fee of that s a transaction fee of no government bank or third party had to verify the transaction nor could they have stopped it if they wanted to,1
peterschiff and you think you can change the mindset of a bitcoin hodlers they are as cool and calm as the great msd sick mind,1
btc pairs macd cross daily pairs agi cos dcr mana nkn rcn xvg zil condition macd cross bullish btc binance sign up,1
btc will be accepted in phone booths soon enough,1
used to be so lost in the space not realizing network news was nt it then i found the gentlemen of crypto krbecrypto blkbtcbillions kingblessdotcom bitcoinzay bigmarh now my eyes stay wide open in the crypto game accept these flowers guys bitcoin,1
conservmillen i see bitcoin slowly becoming a substtute currency for banks playing same role as gold did in the early days btc over fiat thanks to stellajeffreyfx he knows a lot when it comes to btcoin his tweets predictions have been helpful thanks for taking your time to educate us,1
jpmorgan will give retail wealth clients access to bitcoin funds the first big bank to open up bitcoin access to retail here we go,1
hey mate peterschiff your shiny rock crashed by almost while btc btc is up only mode,1
go to sleep wake up by the next halving don t look back if someone tells you there was a bear market you say oh really bitcoin holding till death,1
even if the bears tank the bitcoin price to k you are still in a good position if you buy now bitcoins price will be over k sooner or later just accumulate whenever you can maybe try to find some good altcoins to maximize your profits but do nt listen to influencers,1
people will soon realize in order to have their shit coin like ada to pump they must pump bitcoin first,1
just finished reading the bitcoin standard by professor saifedean best reading in recent years it will be difficult to maintain this level of quality in the next books i will read looking forward to the arrival of the fiat standard of that same author,1
central african republic has adopted bitcoin as reference currency office of the presidency btc cryptonews nft btc,1
born to run bitcoin weekend hustle,1
kennyligthart michaelsaylor miketyson man gold was the security of fiat payments with gold you could not pay as it is physically not possible with bitcoin this obstacle is overcome it will not be able to integrate functions in the gaming sector but it solves much bigger problems good luck brother,1
blockworks they did nt want to ban it a few months ago bitcoin will eat them alive,1
cnbc michaelsaylor bought your bitcoin dude,1
yall need to start crying when it s pumping because you ca nt stack as much and fomoing when it s crashing,1
bitcoin btc bitcoin daily chart alertbulls continue to gain power,1
i wanted ath today as much as anyone but honestly this slow and steady rise is best thing for bitcoin i m starting to think it ca nt be stopped no more crashes onward and upward slow and steady wins the race,1
if we do see k bitcoin i am looking forward to buying btc in a single order,1
whoissuperpower i will support this project until it is successful bsc airdrop btc maharunn earnpolash fuadfuad ahatikhasan trtizlehd,1
the greatest universal income redistribution event of all time is currently taking place but of the population isn t noticing bitcoin,1
elonmusk fix the money and make children affordable again jeff and i chata bit about the systems in place and how bitcoin and technology helps,1
step if you do nt have any btc head over to a centralized exchange like coinbase and buy some step now you re ready open the core extension and click the sign on the bottom and click bridge click from bitcoin on the drop down menu and click add bitcoin,1
does anyone know the devs they seem pretty cool so far daylightdefi btc currency krobitailleart blockepiccn luminarylovato andersonnavari anistricks akunwangy geektime andrewg,1
joecarlasare bitcoin the last bastion of free market pricing,1
i think we get a nice low that is a v good buy soon on bitcoin but we ll see,1
new development for our china whales bitcoin has been declared legal virtual property under chinese law,1
great time to buy for those of you who missed out before,1
buy bitcoin and ethereumclassic,1
i m heading to a gun show today hopefully i can buy ammo with bitcoin,1
tommycatbsc the reward is great keep going and get to the success thanks for shared this nice opportunity i will be forever grateful if i get the award dimples vexo luckel kukizp lon bnb btc solana,1
made this prediction back in may price action is following fairly close i hope it continues to do so aave bitcoin crypto,1
my cheat sheet for trading bitcoin hasn t failed me yet btc btc,1
keep telling people to buy bitcoin,1
tritadorxyz watcherguru you are being fooled research what it means in the mean time buy bitcoin,1
magdahromii techdev data analysis shows a minimum of k for bitcoin by end of this cycle a few things can prevent that from happening an apocalypse a giant asteroid hitting earth earth s entire power grid blows up chance of those things happening by end of this cycle btc,1
two bitcoin funds launched in singapore by masregulated fund manager the new bitcoin funds aim to provide simple and secure exposure to bitcoin for professional investors bitcoin btc btc cryptocurrency,1
i own of a bitcoin omg i feel so wealthy it,1
ponzi is when new money is printed and used to pay off old money it wo nt last utility value is when a lot of people use it as a tool crypto is used for global fundraising investments xborder remittances micro payments defi nfts by a few hundred million people btc,1
optimism this rally is real btc,1
bitcoin bnb binance important crypto new year,1
panama could offer a discount for canal usage when paid in btc,1
the current price of bitcoin is it has increased by in the last hours bitcoin btc cryptocurrency,1
bitcoin breakout beyond k brings bull market fractal back in view btc lightningnetwork,1
simuliu variety despite the fall and rise of bitcoin am still earning from it via mining and trading of bitcoin this not the time to sell this is the time to invest contact abrantesrene and invest your coins i earned investing,1
czbinance almost crypto was born for money was fighting for the freedom and progress of the people such as bitcoin ethereum xdag,1
crypto bill incoming russia s finance ministry kicks off public comment period btc cryptonews nft,1
haha lucky number in dice is mine it was a great win on betfury in the amount of usdt my username babygun betfurysuccess bitcoin staking,1
bitcoin maybe will up to k today crytpocurrency,1
like if you bought bitcoin below,1
projects like uos is how crypto will reach mass adoption change my mind btc,1
this chart is screaming buy and i must obey bitcoin flirting with the i m in for more btc i think my earlier cup and handle pattern analysis is likely correct so going to go big,1
join me in my space btc eth nfts,1
senlummis integrating bitcoin is priority by itself in its own proposal i hope can t mix it with altcoin securities it s not ethical and those are just companies trying to capitalize on this moment,1
mythical games raises million in series c funding round led by az bitcoin news bitcoin,1
i don t care about stocks bonds or the real economy bitcoin is detached from everything is the cyber light the cure the swarm of cyber hornets that s gon na fly to the moon and beyond transcend our human form to become pure energy ok michael you re grounded again,1
yes most definitely brave browser search engine i ve made the change now that i can stake my bat to earn dividends in bitcoin on the axionnetwork what more can i ask made my member family switch to brave,1
this is the way,1
the opportunity given to you to stack btc is insane use these next months wisely,1
haha i do enjoy the optimism and enthusiasm in these threads realistic or not,1
beincrypto without a doubt bitcoin and eth will be the first two followed by sol matic and i might also invest in torn torn in pptorn vault would give autocompounded returns as high as apy,1
bitcoin golden rules never sell out of fear minimum hodl is years plan to hodl for a decade ignore all price volatility stack through bear markets always build conviction,1
cartoonsnow keybb you will be missing out on a lifetime opportunity if you do nt invest in btc because bitcoin is here to stay go get a startup capital today send a dm me and learn how to grow your capital,1
bitcoin coinbase has passed tiktok on the apple us app store and is now in the position reiterating target for and for,1
so close to all time highs today btc crypto,1
hey i joined a network called surveyj and earned today you get paid for testing out new free apps and posting on social media sign up with my link for an instant signup bonus surveyj cashapp bitcoin,1
based on the wyckoff event distribution it is real look it up this will dip to k before slingshooting to k o,1
i bought my bitcoins through localbitcoinscom happened immediately,1
hey i joined a network called surveyj and earned today you get paid for surveys and posting on social media sign up with my link for an instant signup bonus surveyj cashapp bitcoin,1
bitcoin btc crypto btc oh oh will i wake up k,1
bitcoin surpasses k following massive volatility markets add b overnight market watch marketwatch,1
might buy some more bitcoin,1
hodlonaut all i see is the words buy bitcoin when i see that,1
make it happen bitcoin,1
omg i love today not only is it taco tuesday my two favorites are trending bitcoin d d,1
bitcoin bulls do not despair a leading model for predicting bitcoin s trajectory says we re still on track to hit tripledigit btc in,1
i do think these are the first signs of a trend break popular twitter account phoenix commented in a fresh post on the day btc it added that reaching and holding would be absolutely key for bulls this marking last week s high,1
bitcoin we are about to witness massive short squeeze and massive upside btc move within few hours we are going to the moon again i ve been following taking cryptochartsm tweets and every single tips seriously i ve been doing superb crypto follow her,1
bitcoin has so many passionate individuals,1
bitcoin can t be stopped so they will try to divert your attention away from bitcoin,1
let the future generations worry about that we have some adoption and scaling to do they the generation born in will most likely come to consensus on some form of minor inflation to secure the network see what peter todd said on it,1
danheld cagr the hell out of that financial freedom thanks bitcoin,1
levioo kingsalman has btc entered bullish or is mtn next medicalchain,1
dennisporter bitcoin will progress anyway,1
we re rebounding back to damn it is crazy speed that bitcoin is recovering from such falls,1
